{
  "main": {
    "id": "aa7c24091ad17e44",
    "type": "split",
    "children": [
      {
        "id": "ca2a7c00bdf818e0",
        "type": "tabs",
        "children": [
          {
            "id": "88bff6481a34b1a8",
            "type": "leaf",
            "state": {
              "type": "markdown",
              "state": {
                "file": "CS Notes/CM10227 Principles of Programming 1.md",
                "mode": "source",
                "source": false
              }
            }
          }
        ]
      }
    ],
    "direction": "vertical"
  },
  "left": {
    "id": "038ebaee904adf88",
    "type": "split",
    "children": [
      {
        "id": "27b333ed2057d2ca",
        "type": "tabs",
        "children": [
          {
            "id": "3d171da91ece6b74",
            "type": "leaf",
            "state": {
              "type": "file-explorer",
              "state": {
                "sortOrder": "byModifiedTime"
              }
            }
          },
          {
            "id": "eeb5af6a855fd0b7",
            "type": "leaf",
            "state": {
              "type": "search",
              "state": {
                "query": "cm1022",
                "matchingCase": false,
                "explainSearch": false,
                "collapseAll": true,
                "extraContext": false,
                "sortOrder": "byCreatedTime"
              }
            }
          },
          {
            "id": "62dd4745f4608871",
            "type": "leaf",
            "state": {
              "type": "starred",
              "state": {}
            }
          },
          {
            "id": "f5637479f0ce3f71",
            "type": "leaf",
            "state": {
              "type": "outline",
              "state": {
                "file": "CS Notes/CM10227 Principles of Programming 1.md"
              }
            }
          }
        ],
        "currentTab": 1
      }
    ],
    "direction": "horizontal",
    "width": 249.5
  },
  "right": {
    "id": "c3550d6260ac942e",
    "type": "split",
    "children": [
      {
        "id": "0d5a35f0b952d3d2",
        "type": "tabs",
        "children": [
          {
            "id": "b8a9cfbbab30b9de",
            "type": "leaf",
            "state": {
              "type": "backlink",
              "state": {
                "file": "CS Notes/CM10227 Principles of Programming 1.md",
                "collapseAll": false,
                "extraContext": false,
                "sortOrder": "alphabetical",
                "showSearch": false,
                "searchQuery": "",
                "backlinkCollapsed": false,
                "unlinkedCollapsed": true
              }
            }
          },
          {
            "id": "2ed593aafd43a483",
            "type": "leaf",
            "state": {
              "type": "outgoing-link",
              "state": {
                "file": "CS Notes/CM10227 Principles of Programming 1.md",
                "linksCollapsed": false,
                "unlinkedCollapsed": true
              }
            }
          },
          {
            "id": "9ff1e966abeb8396",
            "type": "leaf",
            "state": {
              "type": "tag",
              "state": {
                "sortOrder": "frequency",
                "useHierarchy": true
              }
            }
          },
          {
            "id": "4b8a9daaa51aa750",
            "type": "leaf",
            "state": {
              "type": "advanced-tables-toolbar",
              "state": {}
            }
          }
        ],
        "currentTab": 3
      }
    ],
    "direction": "horizontal",
    "width": 300,
    "collapsed": true
  },
  "left-ribbon": {
    "hiddenItems": {
      "table-editor-obsidian:Advanced Tables Toolbar": false,
      "switcher:Open quick switcher": false,
      "graph:Open graph view": false,
      "canvas:Create new canvas": false,
      "templates:Insert template": false,
      "command-palette:Open command palette": false
    }
  },
  "active": "88bff6481a34b1a8",
  "lastOpenFiles": [
    "CS Notes/The Java programming language.md",
    "CS Notes/Elements of set theory.md",
    "CS Notes/Orders.md",
    "CS Notes/Relational Algebra + SQL.md",
    "CS Notes/Informed Search.md",
    "CS Notes/Uniformed search.md",
    "CS Notes/The Turing Test.md",
    "CS Notes/What is AI.md",
    "CS Notes/Module Codes.md",
    "CS Notes/CM10310 Artificial Intelligence 1.md"
  ]
}